<?xml version="1.0" encoding="UTF-8"?>
<beans xmlns="http://www.springframework.org/schema/beans"
	xmlns:xsi="http://www.w3.org/2001/XMLSchema-instance"
	xmlns:util="http://www.springframework.org/schema/util"
	xmlns:context="http://www.springframework.org/schema/context"
	xsi:schemaLocation="http://www.springframework.org/schema/beans http://www.springframework.org/schema/beans/spring-beans.xsd
		http://www.springframework.org/schema/context http://www.springframework.org/schema/context/spring-context-4.3.xsd
		http://www.springframework.org/schema/util http://www.springframework.org/schema/util/spring-util-4.3.xsd">

<!--  <bean id="service" class="demo.service.WalletServiceImpl">
 <constructor-arg>
   <bean class="demo.repo.WalletRepoImpl">
   <constructor-arg>
     <util:map map-class="java.util.HashMap">
        <entry key="9850276767">
            <bean class="demo.beans.Customer"></bean>
        </entry>
     
     </util:map>
   
   </constructor-arg>
   
   </bean>
 
 </constructor-arg> 


</bean> -->


<context:component-scan base-package="demo"></context:component-scan>
<util:map id="map" map-class="java.util.HashMap">
 <entry key="9850276767">
  <bean class="demo.beans.Customer" />
 
 </entry>
</util:map>

</beans>
